txn_date,raw_description,clean_description,amount,category,parse_method,confidence,review_flag,source_file,created_at
2026-12-27,Card Purchase 12/26 Exu Hong Kong Card 1606,card purchase 12/26 exu hong kong card 1606,-6.99,Uncategorized Expense,pdf-bank,0.84,1,20250128-statements-8065-.pdf,2026-03-26T02:49:20.068508
2026-12-31,Non-Chase ATM Fee-With,non-chase atm fee-with,-3.0,Taxes & Fees,pdf-bank,0.84,0,20250128-statements-8065-.pdf,2026-03-26T02:49:20.068508
2026-12-31,Non-Chase ATM Withdraw 12/31 18480 Fort St Riverview MI Card 1606,non-chase atm withdraw 12/31 18480 fort st riverview mi card 1606,-43.0,Transfer,pdf-bank,0.84,0,20250128-statements-8065-.pdf,2026-03-26T02:49:20.068508
2026-12-31,Card Purchase With Pin 12/31 7-Eleven Southgate MI Card 1606,card purchase with pin 12/31 7-eleven southgate mi card 1606,-4.43,Groceries,pdf-bank,0.84,0,20250128-statements-8065-.pdf,2026-03-26T02:49:20.068508
2026-12-31,Card Purchase 12/30 Meijer Store #123 Southgate MI Card 1606,card purchase 12/30 meijer store 123 southgate mi card 1606,-44.57,Groceries,pdf-bank,0.99,0,20250128-statements-8065-.pdf,2026-03-26T02:49:20.068508
2026-12-31,Card Purchase 12/30 Rams Horn of Southgate 734-2850750 MI Card,card purchase 12/30 rams horn of southgate 734-2850750 mi card,-41.75,Meals,pdf-bank,0.84,0,20250128-statements-8065-.pdf,2026-03-26T02:49:20.068508
2026-12-31,Real Time Transfer Recd From Aba/Contr Bnk-021000021 From:,real time transfer recd from aba/contr bnk-021000021 from,60.79,Transfer,pdf-bank,0.99,0,20250128-statements-8065-.pdf,2026-03-26T02:49:20.068508
2026-12-30,Paypal Inst Xfer Doordashinc Web ID: Paypalsi77,paypal inst xfer doordashinc web id paypalsi77,-6.72,Meals,pdf-bank,0.99,0,20250128-statements-8065-.pdf,2026-03-26T02:49:20.068508
2026-12-30,Paypal Inst Xfer Dropbox Web ID: Paypalsi77,paypal inst xfer dropbox web id paypalsi77,-11.99,Software / SaaS,pdf-bank,0.99,0,20250128-statements-8065-.pdf,2026-03-26T02:49:20.068508
2026-12-30,Paddle.Com Marke Iat Paypal 1039270808164 Web ID: 770510487C,paddle.com marke iat paypal 1039270808164 web id 770510487c,-10.59,Transfer,pdf-bank,0.99,0,20250128-statements-8065-.pdf,2026-03-26T02:49:20.068508
2026-12-30,Paypal Inst Xfer Hulu Web ID: Paypalsi77,paypal inst xfer hulu web id paypalsi77,-18.99,Transfer,pdf-bank,0.99,0,20250128-statements-8065-.pdf,2026-03-26T02:49:20.068508
2026-12-30,Paypal Inst Xfer Apple.Com Bill Web ID: Paypalsi77,paypal inst xfer apple.com bill web id paypalsi77,-25.41,Transfer,pdf-bank,0.99,0,20250128-statements-8065-.pdf,2026-03-26T02:49:20.068508
2026-12-30,Card Purchase 12/29 Little Caesars #176 Southgate MI Card 1606,card purchase 12/29 little caesars 176 southgate mi card 1606,-8.02,Meals,pdf-bank,0.99,0,20250128-statements-8065-.pdf,2026-03-26T02:49:20.068508
2026-12-30,Card Purchase 12/29 Little Caesars #176 Southgate MI Card 1606,card purchase 12/29 little caesars 176 southgate mi card 1606,-22.6,Meals,pdf-bank,0.99,0,20250128-statements-8065-.pdf,2026-03-26T02:49:20.068508
2026-12-30,Card Purchase 12/29 Taco Bell 37663 Lincoln Park MI Card 1606,card purchase 12/29 taco bell 37663 lincoln park mi card 1606,-14.08,Meals,pdf-bank,0.99,0,20250128-statements-8065-.pdf,2026-03-26T02:49:20.068508
2026-12-30,Card Purchase With Pin 12/28 7-Eleven Livonia MI Card 1606,card purchase with pin 12/28 7-eleven livonia mi card 1606,-6.38,Groceries,pdf-bank,0.84,0,20250128-statements-8065-.pdf,2026-03-26T02:49:20.068508
2026-12-30,Venmo Repayment 1039234278757 Web ID: 3364681992,venmo repayment 1039234278757 web id 3364681992,-32.0,Transfer,pdf-bank,0.99,0,20250128-statements-8065-.pdf,2026-03-26T02:49:20.068508
2026-12-30,Venmo Payment 1039234338126 Web ID: 3264681992,venmo payment 1039234338126 web id 3264681992,-360.0,Transfer,pdf-bank,0.99,0,20250128-statements-8065-.pdf,2026-03-26T02:49:20.068508
2026-12-30,Card Purchase 12/27 City of Detroit Munpl. Detroit MI Card 1606,card purchase 12/27 city of detroit munpl. detroit mi card 1606,-2.0,Taxes & Fees,pdf-bank,0.84,0,20250128-statements-8065-.pdf,2026-03-26T02:49:20.068508
2026-12-30,Card Purchase 12/27 Cash App*Parti*Add Cash Cash.App CA Card,card purchase 12/27 cash app*parti*add cash cash.app ca card,-12.0,Transfer,pdf-bank,0.99,0,20250128-statements-8065-.pdf,2026-03-26T02:49:20.068508
2026-12-30,Card Purchase 12/26 Opc*Wyandotte Utl 734-324-4500 MI Card,card purchase 12/26 opc*wyandotte utl 734-324-4500 mi card,-107.83,Utilities,pdf-bank,0.84,0,20250128-statements-8065-.pdf,2026-03-26T02:49:20.068508
2026-12-27,Non-Chase ATM Fee-With,non-chase atm fee-with,-3.0,Taxes & Fees,pdf-bank,0.84,0,20250128-statements-8065-.pdf,2026-03-26T02:49:20.068508
2026-12-27,Capital One Mobile Pmt 3Ytfqz6Yerj06Uk Web ID: 9279744380,capital one mobile pmt 3ytfqz6yerj06uk web id 9279744380,-55.0,Fuel,pdf-bank,0.99,0,20250128-statements-8065-.pdf,2026-03-26T02:49:20.068508
2026-12-27,Card Purchase 12/27 Klarna* Apple From Kl Klarna.Com OH Card,card purchase 12/27 klarna* apple from kl klarna.com oh card,-32.35,Wardrobe / Stagewear,pdf-bank,0.84,0,20250128-statements-8065-.pdf,2026-03-26T02:49:20.068508
2026-12-27,Brigit-Com Membership Fbe2Aa9Dba8F46A Web ID: 2823136030,brigit-com membership fbe2aa9dba8f46a web id 2823136030,-8.99,Subscriptions,pdf-bank,0.84,0,20250128-statements-8065-.pdf,2026-03-26T02:49:20.068508
2026-12-27,Card Purchase 12/26 Dollar Tree Taylor MI Card 1606,card purchase 12/26 dollar tree taylor mi card 1606,-2.39,Groceries,pdf-bank,0.84,0,20250128-statements-8065-.pdf,2026-03-26T02:49:20.068508
2026-12-27,Card Purchase 12/26 Amazon Mktpl*Ze4Rc8P Amzn.Com/Bill WA,card purchase 12/26 amazon mktpl*ze4rc8p amzn.com/bill wa,-7.41,Office Supplies,pdf-bank,0.99,0,20250128-statements-8065-.pdf,2026-03-26T02:49:20.068508
2026-12-27,Ford Motor CO. Payroll H PPD ID: 2380549190,ford motor co. payroll h ppd id 2380549190,909.2,Payroll,pdf-bank,0.99,0,20250128-statements-8065-.pdf,2026-03-26T02:49:20.068508
2026-01-28,Paypal Inst Xfer Hulu Web ID: Paypalsi77,paypal inst xfer hulu web id paypalsi77,-18.99,Transfer,pdf-bank,0.99,0,20250128-statements-8065-.pdf,2026-03-26T02:49:20.068508
2026-01-28,Paypal Inst Xfer Doordashinc Web ID: Paypalsi77,paypal inst xfer doordashinc web id paypalsi77,-31.18,Meals,pdf-bank,0.99,0,20250128-statements-8065-.pdf,2026-03-26T02:49:20.068508
2026-01-28,Card Purchase 01/27 Framework Homeowners Httpsframewor MA,card purchase 01/27 framework homeowners httpsframewor ma,-75.0,Uncategorized,pdf-bank,0.84,0,20250128-statements-8065-.pdf,2026-03-26T02:49:20.068508
2026-01-28,Online Transfer From Sav ...4366 Transaction#: 23529378707,online transfer from sav ...4366 transaction 23529378707,30.0,Transfer,pdf-bank,0.99,0,20250128-statements-8065-.pdf,2026-03-26T02:49:20.068508
2026-01-28,Online Transfer From Sav ...4366 Transaction#: 23529264315,online transfer from sav ...4366 transaction 23529264315,100.0,Transfer,pdf-bank,0.99,0,20250128-statements-8065-.pdf,2026-03-26T02:49:20.068508
2026-01-27,Paypal Inst Xfer Doordashinc Web ID: Paypalsi77,paypal inst xfer doordashinc web id paypalsi77,-1.1,Meals,pdf-bank,0.99,0,20250128-statements-8065-.pdf,2026-03-26T02:49:20.068508
2026-01-27,Paypal Inst Xfer Doordashinc Web ID: Paypalsi77,paypal inst xfer doordashinc web id paypalsi77,-19.5,Meals,pdf-bank,0.99,0,20250128-statements-8065-.pdf,2026-03-26T02:49:20.068508
2026-01-27,Paypal Inst Xfer Doordashinc Web ID: Paypalsi77,paypal inst xfer doordashinc web id paypalsi77,-34.03,Meals,pdf-bank,0.99,0,20250128-statements-8065-.pdf,2026-03-26T02:49:20.068508
2026-01-27,Paypal Inst Xfer Doordashinc Web ID: Paypalsi77,paypal inst xfer doordashinc web id paypalsi77,-39.14,Meals,pdf-bank,0.99,0,20250128-statements-8065-.pdf,2026-03-26T02:49:20.068508
2026-01-27,Paypal Inst Xfer Microsoft Web ID: Paypalsi77,paypal inst xfer microsoft web id paypalsi77,-21.19,Software / SaaS,pdf-bank,0.99,0,20250128-statements-8065-.pdf,2026-03-26T02:49:20.068508
2026-01-27,Paypal Inst Xfer Adobe Inc After Web ID: Paypalsi77,paypal inst xfer adobe inc after web id paypalsi77,-24.37,Software / SaaS,pdf-bank,0.99,0,20250128-statements-8065-.pdf,2026-03-26T02:49:20.068508
2026-01-27,Paypal Inst Xfer Apple.Com Bill Web ID: Paypalsi77,paypal inst xfer apple.com bill web id paypalsi77,-27.54,Transfer,pdf-bank,0.99,0,20250128-statements-8065-.pdf,2026-03-26T02:49:20.068508
2026-01-27,Paypal Inst Xfer Doordashinc Web ID: Paypalsi77,paypal inst xfer doordashinc web id paypalsi77,-40.75,Meals,pdf-bank,0.99,0,20250128-statements-8065-.pdf,2026-03-26T02:49:20.068508
2026-01-27,Card Purchase 01/26 Prime Video Channels Amzn.Com/Bill WA Card,card purchase 01/26 prime video channels amzn.com/bill wa card,-12.99,Office Supplies,pdf-bank,0.99,0,20250128-statements-8065-.pdf,2026-03-26T02:49:20.068508
2026-01-27,Card Purchase 01/26 Prime Video Channels Amzn.Com/Bill WA Card,card purchase 01/26 prime video channels amzn.com/bill wa card,-16.99,Office Supplies,pdf-bank,0.99,0,20250128-statements-8065-.pdf,2026-03-26T02:49:20.068508
2026-01-27,Payment Sent 01/26 Cash App*Miguel Gutierr Oakland CA Card,payment sent 01/26 cash app*miguel gutierr oakland ca card,-100.0,Transfer,pdf-bank,0.99,0,20250128-statements-8065-.pdf,2026-03-26T02:49:20.068508
2026-01-27,Card Purchase With Pin 01/25 Guitar Center #323 Allen Park MI Card 1606,card purchase with pin 01/25 guitar center 323 allen park mi card 1606,-86.85,Music Equipment,pdf-bank,0.99,0,20250128-statements-8065-.pdf,2026-03-26T02:49:20.068508
2026-01-27,Card Purchase 01/25 Shell Oil 57446432007 Romulus MI Card 1606,card purchase 01/25 shell oil 57446432007 romulus mi card 1606,-40.19,Fuel,pdf-bank,0.99,0,20250128-statements-8065-.pdf,2026-03-26T02:49:20.068508
2026-01-27,Venmo Repayment 1039831929219 Web ID: 3364681992,venmo repayment 1039831929219 web id 3364681992,-55.0,Transfer,pdf-bank,0.99,0,20250128-statements-8065-.pdf,2026-03-26T02:49:20.068508
2026-01-27,Card Purchase 01/24 Opc*Wyandotte Utl 734-324-4500 MI Card,card purchase 01/24 opc*wyandotte utl 734-324-4500 mi card,-111.03,Utilities,pdf-bank,0.84,0,20250128-statements-8065-.pdf,2026-03-26T02:49:20.068508
2026-01-27,Online Transfer From Sav ...4366 Transaction#: 23517927681,online transfer from sav ...4366 transaction 23517927681,80.0,Transfer,pdf-bank,0.99,0,20250128-statements-8065-.pdf,2026-03-26T02:49:20.068508
2026-01-27,Ford Motor CO. Payroll H PPD ID: 2380549190,ford motor co. payroll h ppd id 2380549190,444.12,Payroll,pdf-bank,0.99,0,20250128-statements-8065-.pdf,2026-03-26T02:49:20.068508
2026-01-27,Online Transfer From Sav ...4366 Transaction#: 23517813467,online transfer from sav ...4366 transaction 23517813467,800.0,Transfer,pdf-bank,0.99,0,20250128-statements-8065-.pdf,2026-03-26T02:49:20.068508
2026-01-24,Paypal Inst Xfer Disney Plus Web ID: Paypalsi77,paypal inst xfer disney plus web id paypalsi77,-15.99,Transfer,pdf-bank,0.99,0,20250128-statements-8065-.pdf,2026-03-26T02:49:20.068508
2026-01-24,Paypal Inst Xfer Spotifyusai Web ID: Paypalsi77,paypal inst xfer spotifyusai web id paypalsi77,-11.99,Transfer,pdf-bank,0.99,0,20250128-statements-8065-.pdf,2026-03-26T02:49:20.068508
2026-01-24,Capital One Mobile Pmt 42P5Gnfmrgxpy24 Web ID: 9279744380,capital one mobile pmt 42p5gnfmrgxpy24 web id 9279744380,-55.0,Fuel,pdf-bank,0.99,0,20250128-statements-8065-.pdf,2026-03-26T02:49:20.068508
2026-01-24,Card Purchase 01/24 Cash App*Parti*Add Cash Cash.App CA Card,card purchase 01/24 cash app*parti*add cash cash.app ca card,-50.63,Transfer,pdf-bank,0.99,0,20250128-statements-8065-.pdf,2026-03-26T02:49:20.068508
2026-01-24,Card Purchase 01/24 Klarna 24Klarna2 151-7426184 De Card 1606,card purchase 01/24 klarna 24klarna2 151-7426184 de card 1606,-58.84,Wardrobe / Stagewear,pdf-bank,0.84,0,20250128-statements-8065-.pdf,2026-03-26T02:49:20.068508
2026-01-24,Empower 1000593279 PPD ID: 7811879144,empower 1000593279 ppd id 7811879144,-156.0,Loan Payment,pdf-bank,0.84,0,20250128-statements-8065-.pdf,2026-03-26T02:49:20.068508
2026-01-24,Online Transfer From Sav ...4366 Transaction#: 23489799283,online transfer from sav ...4366 transaction 23489799283,400.0,Transfer,pdf-bank,0.99,0,20250128-statements-8065-.pdf,2026-03-26T02:49:20.068508
2026-01-23,Paypal Inst Xfer Doordashinc Web ID: Paypalsi77,paypal inst xfer doordashinc web id paypalsi77,-21.45,Meals,pdf-bank,0.99,0,20250128-statements-8065-.pdf,2026-03-26T02:49:20.068508
2026-01-23,Card Purchase 01/23 Cash App*Parti*Add Cash Cash.App CA Card,card purchase 01/23 cash app*parti*add cash cash.app ca card,-15.0,Transfer,pdf-bank,0.99,0,20250128-statements-8065-.pdf,2026-03-26T02:49:20.068508
2026-01-23,Card Purchase 01/23 Affirm * Pay 6Uh7Qn63 855-423-3729 CA Card,card purchase 01/23 affirm * pay 6uh7qn63 855-423-3729 ca card,-16.51,Wardrobe / Stagewear,pdf-bank,0.84,0,20250128-statements-8065-.pdf,2026-03-26T02:49:20.068508
2026-01-23,Card Purchase 01/22 Amazon Digit*Zg9O86Bj 888-802-3080 WA,card purchase 01/22 amazon digit*zg9o86bj 888-802-3080 wa,-7.99,Office Supplies,pdf-bank,0.99,0,20250128-statements-8065-.pdf,2026-03-26T02:49:20.068508
2026-01-23,Card Purchase 01/23 Buffalo Wild Wngs 3152 Southgate MI Card,card purchase 01/23 buffalo wild wngs 3152 southgate mi card,-33.38,Meals,pdf-bank,0.84,0,20250128-statements-8065-.pdf,2026-03-26T02:49:20.068508
2026-01-22,Non-Chase ATM Fee-With,non-chase atm fee-with,-3.0,Taxes & Fees,pdf-bank,0.84,0,20250128-statements-8065-.pdf,2026-03-26T02:49:20.068508
2026-01-22,Capital One Mobile Pmt 42Oqnnho4Bi39Nw Web ID: 9279744380,capital one mobile pmt 42oqnnho4bi39nw web id 9279744380,-55.0,Fuel,pdf-bank,0.99,0,20250128-statements-8065-.pdf,2026-03-26T02:49:20.068508
2026-01-22,01/22 Online Transfer To Sav ...4366 Transaction#: 23469870015,01/22 online transfer to sav ...4366 transaction 23469870015,-70.0,Transfer,pdf-bank,0.99,0,20250128-statements-8065-.pdf,2026-03-26T02:49:20.068508
2026-01-22,ATM Withdrawal 01/22 1909 Fort St Wyandotte MI Card 1606,atm withdrawal 01/22 1909 fort st wyandotte mi card 1606,-40.0,Transfer,pdf-bank,0.84,0,20250128-statements-8065-.pdf,2026-03-26T02:49:20.068508
2026-01-22,Non-Chase ATM Withdraw 01/22 113 Maple St Wyandotte MI Card 1606,non-chase atm withdraw 01/22 113 maple st wyandotte mi card 1606,-62.5,Transfer,pdf-bank,0.84,0,20250128-statements-8065-.pdf,2026-03-26T02:49:20.068508
2026-01-22,MI Unemployment Ui Benefit PPD ID: 1382538297,mi unemployment ui benefit ppd id 1382538297,301.0,Revenue,pdf-bank,0.99,0,20250128-statements-8065-.pdf,2026-03-26T02:49:20.068508
2026-01-21,Non-Chase ATM Fee-With,non-chase atm fee-with,-3.0,Taxes & Fees,pdf-bank,0.84,0,20250128-statements-8065-.pdf,2026-03-26T02:49:20.068508
2026-01-21,Non-Chase ATM Withdraw 01/21 18480 Fort St Riverview MI Card 1606,non-chase atm withdraw 01/21 18480 fort st riverview mi card 1606,-43.0,Transfer,pdf-bank,0.84,0,20250128-statements-8065-.pdf,2026-03-26T02:49:20.068508
2026-01-21,Paypal Inst Xfer Apple.Com Bill Web ID: Paypalsi77,paypal inst xfer apple.com bill web id paypalsi77,-2.99,Transfer,pdf-bank,0.99,0,20250128-statements-8065-.pdf,2026-03-26T02:49:20.068508
2026-01-21,Paypal Inst Xfer Drvrsupport Web ID: Paypalsi77,paypal inst xfer drvrsupport web id paypalsi77,-9.99,Transfer,pdf-bank,0.99,0,20250128-statements-8065-.pdf,2026-03-26T02:49:20.068508
2026-01-21,Pipo Sg Pte Lt Iat Paypal 1039715109600 Web ID: 770510487C,pipo sg pte lt iat paypal 1039715109600 web id 770510487c,-9.99,Transfer,pdf-bank,0.99,0,20250128-statements-8065-.pdf,2026-03-26T02:49:20.068508
2026-01-21,Paypal Inst Xfer Apple.Com Bill Web ID: Paypalsi77,paypal inst xfer apple.com bill web id paypalsi77,-7.41,Transfer,pdf-bank,0.99,0,20250128-statements-8065-.pdf,2026-03-26T02:49:20.068508
2026-01-21,Paypal Inst Xfer Spotifyusai Web ID: Paypalsi77,paypal inst xfer spotifyusai web id paypalsi77,-11.99,Transfer,pdf-bank,0.99,0,20250128-statements-8065-.pdf,2026-03-26T02:49:20.068508
2026-01-21,Paypal Inst Xfer Doordashinc Web ID: Paypalsi77,paypal inst xfer doordashinc web id paypalsi77,-32.66,Meals,pdf-bank,0.99,0,20250128-statements-8065-.pdf,2026-03-26T02:49:20.068508
2026-01-21,Card Purchase 01/20 Exxon Fort & Penn Riverview MI Card 1606,card purchase 01/20 exxon fort & penn riverview mi card 1606,-44.39,Fuel,pdf-bank,0.99,0,20250128-statements-8065-.pdf,2026-03-26T02:49:20.068508
2026-01-21,Card Purchase 01/21 Shopify* 319179871 Shopify.Com IL Card 1606,card purchase 01/21 shopify* 319179871 shopify.com il card 1606,-39.0,Merchandise,pdf-bank,0.84,0,20250128-statements-8065-.pdf,2026-03-26T02:49:20.068508
2026-01-21,Card Purchase 01/18 Exu Hong Kong Card 1606,card purchase 01/18 exu hong kong card 1606,-9.99,Uncategorized,pdf-bank,0.84,0,20250128-statements-8065-.pdf,2026-03-26T02:49:20.068508
2026-01-21,Online Transfer From Sav ...4366 Transaction#: 23461940777,online transfer from sav ...4366 transaction 23461940777,20.0,Transfer,pdf-bank,0.99,0,20250128-statements-8065-.pdf,2026-03-26T02:49:20.068508
2026-01-21,Online Transfer From Sav ...4366 Transaction#: 23461794506,online transfer from sav ...4366 transaction 23461794506,40.0,Transfer,pdf-bank,0.99,0,20250128-statements-8065-.pdf,2026-03-26T02:49:20.068508
2026-01-21,Real Time Payment Credit Recd From Aba/Contr Bnk-101115315 From:,real time payment credit recd from aba/contr bnk-101115315 from,-150.0,Studio / Recording,pdf-bank,0.84,0,20250128-statements-8065-.pdf,2026-03-26T02:49:20.068508
2026-01-17,Empower 1000592742 PPD ID: 7811879144,empower 1000592742 ppd id 7811879144,-156.0,Loan Payment,pdf-bank,0.84,0,20250128-statements-8065-.pdf,2026-03-26T02:49:20.068508
2026-01-17,Card Purchase 01/16 Exu Hong Kong Card 1606,card purchase 01/16 exu hong kong card 1606,-6.99,Uncategorized,pdf-bank,0.84,0,20250128-statements-8065-.pdf,2026-03-26T02:49:20.068508
2026-01-17,ATM Cash Deposit 01/17 1909 Fort St Wyandotte MI Card 1606,atm cash deposit 01/17 1909 fort st wyandotte mi card 1606,-40.0,Revenue,pdf-bank,0.99,0,20250128-statements-8065-.pdf,2026-03-26T02:49:20.068508
2026-01-17,ATM Cash Deposit 01/17 1909 Fort St Wyandotte MI Card 1606,atm cash deposit 01/17 1909 fort st wyandotte mi card 1606,-130.0,Revenue,pdf-bank,0.99,0,20250128-statements-8065-.pdf,2026-03-26T02:49:20.068508
2026-01-16,Paypal Inst Xfer Netflix.Com Web ID: Paypalsi77,paypal inst xfer netflix.com web id paypalsi77,-15.49,Transfer,pdf-bank,0.99,0,20250128-statements-8065-.pdf,2026-03-26T02:49:20.068508
2026-01-16,Paypal Inst Xfer Emastered Web ID: Paypalsi77,paypal inst xfer emastered web id paypalsi77,-36.75,Transfer,pdf-bank,0.99,0,20250128-statements-8065-.pdf,2026-03-26T02:49:20.068508
2026-01-16,Paypal Inst Xfer Apple.Com Bill Web ID: Paypalsi77,paypal inst xfer apple.com bill web id paypalsi77,-8.47,Transfer,pdf-bank,0.99,0,20250128-statements-8065-.pdf,2026-03-26T02:49:20.068508
2026-01-16,Card Purchase 01/16 Amazon Digit*Z55Am3B2 888-802-3080 WA,card purchase 01/16 amazon digit*z55am3b2 888-802-3080 wa,-10.59,Office Supplies,pdf-bank,0.99,0,20250128-statements-8065-.pdf,2026-03-26T02:49:20.068508
2026-01-14,ATM Cash Deposit 01/14 1909 Fort St Wyandotte MI Card 1606,atm cash deposit 01/14 1909 fort st wyandotte mi card 1606,-200.0,Revenue,pdf-bank,0.99,0,20250128-statements-8065-.pdf,2026-03-26T02:49:20.068508
2026-01-13,Paypal Inst Xfer Doordashinc Web ID: Paypalsi77,paypal inst xfer doordashinc web id paypalsi77,-26.56,Meals,pdf-bank,0.99,0,20250128-statements-8065-.pdf,2026-03-26T02:49:20.068508
2026-01-13,Paypal Inst Xfer Adobe Inc Adobe Web ID: Paypalsi77,paypal inst xfer adobe inc adobe web id paypalsi77,-10.59,Software / SaaS,pdf-bank,0.99,0,20250128-statements-8065-.pdf,2026-03-26T02:49:20.068508
2026-01-13,Paypal Inst Xfer Apple.Com Bill Web ID: Paypalsi77,paypal inst xfer apple.com bill web id paypalsi77,-10.6,Transfer,pdf-bank,0.99,0,20250128-statements-8065-.pdf,2026-03-26T02:49:20.068508
2026-01-13,Paypal Inst Xfer Doordashinc Web ID: Paypalsi77,paypal inst xfer doordashinc web id paypalsi77,-19.91,Meals,pdf-bank,0.99,0,20250128-statements-8065-.pdf,2026-03-26T02:49:20.068508
2026-01-13,Paypal Inst Xfer Tunecore Web ID: Paypalsi77,paypal inst xfer tunecore web id paypalsi77,-22.99,Software / SaaS,pdf-bank,0.99,0,20250128-statements-8065-.pdf,2026-03-26T02:49:20.068508
2026-01-13,Paypal Inst Xfer Doordashinc Web ID: Paypalsi77,paypal inst xfer doordashinc web id paypalsi77,-26.25,Meals,pdf-bank,0.99,0,20250128-statements-8065-.pdf,2026-03-26T02:49:20.068508
2026-01-13,Paypal Inst Xfer Waves Inc Web ID: Paypalsi77,paypal inst xfer waves inc web id paypalsi77,-26.49,Transfer,pdf-bank,0.99,0,20250128-statements-8065-.pdf,2026-03-26T02:49:20.068508
2026-01-13,Paypal Inst Xfer Doordashinc Web ID: Paypalsi77,paypal inst xfer doordashinc web id paypalsi77,-42.0,Meals,pdf-bank,0.99,0,20250128-statements-8065-.pdf,2026-03-26T02:49:20.068508
2026-01-13,Paypal Inst Xfer Doordashinc Web ID: Paypalsi77,paypal inst xfer doordashinc web id paypalsi77,-43.12,Meals,pdf-bank,0.99,0,20250128-statements-8065-.pdf,2026-03-26T02:49:20.068508
2026-01-13,Recurring Card Purchase 01/11 Empower Empower.ME CA Card 1606,recurring card purchase 01/11 empower empower.me ca card 1606,-8.0,Subscriptions,pdf-bank,0.84,0,20250128-statements-8065-.pdf,2026-03-26T02:49:20.068508
2026-01-13,Card Purchase 01/10 Prime Video Channels Amzn.Com/Bill WA Card,card purchase 01/10 prime video channels amzn.com/bill wa card,-6.99,Office Supplies,pdf-bank,0.99,0,20250128-statements-8065-.pdf,2026-03-26T02:49:20.068508
2026-01-13,Card Purchase 01/09 Paypal *Thomann 35314369001 Card 1606,card purchase 01/09 paypal *thomann 35314369001 card 1606,-344.92,Transfer,pdf-bank,0.99,0,20250128-statements-8065-.pdf,2026-03-26T02:49:20.068508
2026-01-13,Real Time Payment Credit Recd From Aba/Contr Bnk-101115315 From:,real time payment credit recd from aba/contr bnk-101115315 from,-150.0,Studio / Recording,pdf-bank,0.84,0,20250128-statements-8065-.pdf,2026-03-26T02:49:20.068508
2026-01-10,Capital One Mobile Pmt 42M6Sfz4Hand0A4 Web ID: 9279744380,capital one mobile pmt 42m6sfz4hand0a4 web id 9279744380,-55.0,Fuel,pdf-bank,0.99,0,20250128-statements-8065-.pdf,2026-03-26T02:49:20.068508
2026-01-10,Paypal Inst Xfer Landontewer Web ID: Paypalsi77,paypal inst xfer landontewer web id paypalsi77,-750.0,Transfer,pdf-bank,0.99,0,20250128-statements-8065-.pdf,2026-03-26T02:49:20.068508
2026-01-10,Paypal Inst Xfer Apple.Com Bill Web ID: Paypalsi77,paypal inst xfer apple.com bill web id paypalsi77,-5.29,Transfer,pdf-bank,0.99,0,20250128-statements-8065-.pdf,2026-03-26T02:49:20.068508
2026-01-10,Paypal Inst Xfer Doordashinc Web ID: Paypalsi77,paypal inst xfer doordashinc web id paypalsi77,-31.1,Meals,pdf-bank,0.99,0,20250128-statements-8065-.pdf,2026-03-26T02:49:20.068508
2026-01-10,Card Purchase 01/10 Exxon Fort & Penn Riverview MI Card 1606,card purchase 01/10 exxon fort & penn riverview mi card 1606,-28.13,Fuel,pdf-bank,0.99,0,20250128-statements-8065-.pdf,2026-03-26T02:49:20.068508
2026-01-10,Paypal Inst Xfer Doordashinc Web ID: Paypalsi77,paypal inst xfer doordashinc web id paypalsi77,-36.99,Meals,pdf-bank,0.99,0,20250128-statements-8065-.pdf,2026-03-26T02:49:20.068508
2026-01-10,Card Purchase 01/10 Klarna* 10Klarna2 Klarna.Com OH Card 1606,card purchase 01/10 klarna* 10klarna2 klarna.com oh card 1606,-58.84,Wardrobe / Stagewear,pdf-bank,0.84,0,20250128-statements-8065-.pdf,2026-03-26T02:49:20.068508
2026-01-10,Card Purchase 01/09 Tropical Smoothie Cafe Taylor MI Card 1606,card purchase 01/09 tropical smoothie cafe taylor mi card 1606,-16.55,Meals,pdf-bank,0.99,0,20250128-statements-8065-.pdf,2026-03-26T02:49:20.068508
2026-01-10,Card Purchase 01/09 Exu Hong Kong Card 1606,card purchase 01/09 exu hong kong card 1606,-6.99,Uncategorized,pdf-bank,0.84,0,20250128-statements-8065-.pdf,2026-03-26T02:49:20.068508
2026-01-10,Payment Received 01/10 Cash App*Parti*Cash Ou Oakland CA Card,payment received 01/10 cash app*parti*cash ou oakland ca card,-122.81,Transfer,pdf-bank,0.99,0,20250128-statements-8065-.pdf,2026-03-26T02:49:20.068508
2026-01-10,Ford Motor CO. Payroll H PPD ID: 2380549190,ford motor co. payroll h ppd id 2380549190,816.86,Payroll,pdf-bank,0.99,0,20250128-statements-8065-.pdf,2026-03-26T02:49:20.068508
2026-01-09,Paypal Inst Xfer Doordashdashpas Web ID: Paypalsi77,paypal inst xfer doordashdashpas web id paypalsi77,-9.99,Meals,pdf-bank,0.99,0,20250128-statements-8065-.pdf,2026-03-26T02:49:20.068508
2026-01-09,Paypal Inst Xfer Doordashinc Web ID: Paypalsi77,paypal inst xfer doordashinc web id paypalsi77,-24.13,Meals,pdf-bank,0.99,0,20250128-statements-8065-.pdf,2026-03-26T02:49:20.068508
2026-01-09,Paypal Inst Xfer Doordashinc Web ID: Paypalsi77,paypal inst xfer doordashinc web id paypalsi77,-36.92,Meals,pdf-bank,0.99,0,20250128-statements-8065-.pdf,2026-03-26T02:49:20.068508
2026-01-09,Card Purchase With Pin 01/09 7-Eleven Southgate MI Card 1606,card purchase with pin 01/09 7-eleven southgate mi card 1606,-21.8,Groceries,pdf-bank,0.84,0,20250128-statements-8065-.pdf,2026-03-26T02:49:20.068508
2026-01-09,Paypal Inst Xfer Doordashinc Web ID: Paypalsi77,paypal inst xfer doordashinc web id paypalsi77,-29.02,Meals,pdf-bank,0.99,0,20250128-statements-8065-.pdf,2026-03-26T02:49:20.068508
2026-01-08,Paypal Inst Xfer Doordashinc Web ID: Paypalsi77,paypal inst xfer doordashinc web id paypalsi77,-22.83,Meals,pdf-bank,0.99,0,20250128-statements-8065-.pdf,2026-03-26T02:49:20.068508
2026-01-08,Paypal Inst Xfer Web ID: Paypalsi77,paypal inst xfer web id paypalsi77,-24.0,Transfer,pdf-bank,0.99,0,20250128-statements-8065-.pdf,2026-03-26T02:49:20.068508
2026-01-08,Card Purchase 01/07 Nannas Kitchen 734-2819093 MI Card 1606,card purchase 01/07 nannas kitchen 734-2819093 mi card 1606,-37.34,Meals,pdf-bank,0.99,0,20250128-statements-8065-.pdf,2026-03-26T02:49:20.068508
2026-01-08,Card Purchase 01/07 Starbucks Store 49998 Riverview MI Card 1606,card purchase 01/07 starbucks store 49998 riverview mi card 1606,-14.77,Meals,pdf-bank,0.99,0,20250128-statements-8065-.pdf,2026-03-26T02:49:20.068508
2026-01-07,Paypal Inst Xfer Doordashinc Web ID: Paypalsi77,paypal inst xfer doordashinc web id paypalsi77,-22.35,Meals,pdf-bank,0.99,0,20250128-statements-8065-.pdf,2026-03-26T02:49:20.068508
2026-01-07,Card Purchase With Pin 01/07 Walgreens Store 17071 Riverview MI Card,card purchase with pin 01/07 walgreens store 17071 riverview mi card,-45.19,Groceries,pdf-bank,0.84,0,20250128-statements-8065-.pdf,2026-03-26T02:49:20.068508
2026-01-07,Venmo Repayment 1039456352333 Web ID: 3364681992,venmo repayment 1039456352333 web id 3364681992,-29.0,Transfer,pdf-bank,0.99,0,20250128-statements-8065-.pdf,2026-03-26T02:49:20.068508
2026-01-07,Ford Motor CR Fordcredit 063678260 Web ID: 3534610003,ford motor cr fordcredit 063678260 web id 3534610003,425.87,Revenue,pdf-bank,0.99,0,20250128-statements-8065-.pdf,2026-03-26T02:49:20.068508
2026-01-07,Card Purchase 01/06 Tst*Franks Pizza Wyandotte MI Card 1606,card purchase 01/06 tst*franks pizza wyandotte mi card 1606,-33.92,Meals,pdf-bank,0.99,0,20250128-statements-8065-.pdf,2026-03-26T02:49:20.068508
2026-01-07,Card Purchase 01/06 Walgreens #4585 Riverview MI Card 1606,card purchase 01/06 walgreens 4585 riverview mi card 1606,-12.0,Groceries,pdf-bank,0.84,0,20250128-statements-8065-.pdf,2026-03-26T02:49:20.068508
2026-01-07,Card Purchase 01/06 Starbucks Store 49998 Riverview MI Card 1606,card purchase 01/06 starbucks store 49998 riverview mi card 1606,-23.94,Meals,pdf-bank,0.99,0,20250128-statements-8065-.pdf,2026-03-26T02:49:20.068508
2026-01-07,Card Purchase 01/05 Olive Garden Zk 0021172 Southgate MI Card,card purchase 01/05 olive garden zk 0021172 southgate mi card,-48.68,Meals,pdf-bank,0.99,0,20250128-statements-8065-.pdf,2026-03-26T02:49:20.068508
2026-01-07,Remote Online Deposit 1,remote online deposit 1,-420.95,Revenue,pdf-bank,0.99,0,20250128-statements-8065-.pdf,2026-03-26T02:49:20.068508
2026-01-06,Non-Chase ATM Fee-With,non-chase atm fee-with,-3.0,Taxes & Fees,pdf-bank,0.84,0,20250128-statements-8065-.pdf,2026-03-26T02:49:20.068508
2026-01-06,Paypal Inst Xfer Splice Web ID: Paypalsi77,paypal inst xfer splice web id paypalsi77,-7.99,Software / SaaS,pdf-bank,0.99,0,20250128-statements-8065-.pdf,2026-03-26T02:49:20.068508
2026-01-06,Paypal Inst Xfer Doordashinc Web ID: Paypalsi77,paypal inst xfer doordashinc web id paypalsi77,-12.26,Meals,pdf-bank,0.99,0,20250128-statements-8065-.pdf,2026-03-26T02:49:20.068508
2026-01-06,Card Purchase With Pin 01/05 Bp#9255910Vndke Detroit MI Card 1606,card purchase with pin 01/05 bp 9255910vndke detroit mi card 1606,-5.5,Fuel,pdf-bank,0.99,0,20250128-statements-8065-.pdf,2026-03-26T02:49:20.068508
2026-01-06,Card Purchase 01/05 Amazon Digit*Zp6Mm3RI 888-802-3080 WA,card purchase 01/05 amazon digit*zp6mm3ri 888-802-3080 wa,-6.99,Office Supplies,pdf-bank,0.99,0,20250128-statements-8065-.pdf,2026-03-26T02:49:20.068508
2026-01-06,Card Purchase 01/05 Pro Shine Express Car W Southgate MI Card,card purchase 01/05 pro shine express car w southgate mi card,-14.0,Auto Expense,pdf-bank,0.84,0,20250128-statements-8065-.pdf,2026-03-26T02:49:20.068508
2026-01-06,Card Purchase 01/05 Kohl's #0017 Taylor MI Card 1606,card purchase 01/05 kohl s 0017 taylor mi card 1606,-81.2,Wardrobe / Stagewear,pdf-bank,0.84,0,20250128-statements-8065-.pdf,2026-03-26T02:49:20.068508
2026-01-06,Card Purchase With Pin 01/05 H&A Gas Station Wyandotte MI Card 1606,card purchase with pin 01/05 h&a gas station wyandotte mi card 1606,-40.0,Fuel,pdf-bank,0.99,0,20250128-statements-8065-.pdf,2026-03-26T02:49:20.068508
2026-01-06,Card Purchase 01/05 White Castle 040020 Southgate MI Card 1606,card purchase 01/05 white castle 040020 southgate mi card 1606,-16.19,Meals,pdf-bank,0.99,0,20250128-statements-8065-.pdf,2026-03-26T02:49:20.068508
2026-01-06,Card Purchase 01/05 Amazon Prime*Zp95D59 Amzn.Com/Bill WA,card purchase 01/05 amazon prime*zp95d59 amzn.com/bill wa,-15.89,Office Supplies,pdf-bank,0.99,0,20250128-statements-8065-.pdf,2026-03-26T02:49:20.068508
2026-01-06,Non-Chase ATM Withdraw 01/04 23925 Goddard Rd Taylor ME Card 1606,non-chase atm withdraw 01/04 23925 goddard rd taylor me card 1606,-42.75,Transfer,pdf-bank,0.84,0,20250128-statements-8065-.pdf,2026-03-26T02:49:20.068508
2026-01-06,Card Purchase 01/04 Wendy's - Lincoln Par Lincoln Park MI Card,card purchase 01/04 wendy s - lincoln par lincoln park mi card,-26.9,Meals,pdf-bank,0.84,0,20250128-statements-8065-.pdf,2026-03-26T02:49:20.068508
2026-01-06,Card Purchase 01/04 The Brass Rail Pizza Ba Detroit MI Card 1606,card purchase 01/04 the brass rail pizza ba detroit mi card 1606,-12.22,Meals,pdf-bank,0.99,0,20250128-statements-8065-.pdf,2026-03-26T02:49:20.068508
2026-01-06,Card Purchase 01/04 City of Detroit Munpl. Detroit MI Card 1606,card purchase 01/04 city of detroit munpl. detroit mi card 1606,-2.0,Taxes & Fees,pdf-bank,0.84,0,20250128-statements-8065-.pdf,2026-03-26T02:49:20.068508
2026-01-06,Card Purchase 01/04 Exxon Fort & Penn Riverview MI Card 1606,card purchase 01/04 exxon fort & penn riverview mi card 1606,-26.59,Fuel,pdf-bank,0.99,0,20250128-statements-8065-.pdf,2026-03-26T02:49:20.068508
2026-01-06,Card Purchase 01/04 Starbucks Store 49998 Riverview MI Card 1606,card purchase 01/04 starbucks store 49998 riverview mi card 1606,-10.72,Meals,pdf-bank,0.99,0,20250128-statements-8065-.pdf,2026-03-26T02:49:20.068508
2026-01-06,Card Purchase 01/03 Starbucks Store 49998 Riverview MI Card 1606,card purchase 01/03 starbucks store 49998 riverview mi card 1606,-11.07,Meals,pdf-bank,0.99,0,20250128-statements-8065-.pdf,2026-03-26T02:49:20.068508
2026-01-06,Paypal Transfer PPD ID: Paypalsd11,paypal transfer ppd id paypalsd11,150.37,Transfer,pdf-bank,0.99,0,20250128-statements-8065-.pdf,2026-03-26T02:49:20.068508
2026-01-03,Card Purchase 01/03 Exxon Fort & Penn Riverview MI Card 1606,card purchase 01/03 exxon fort & penn riverview mi card 1606,-25.26,Fuel,pdf-bank,0.99,0,20250128-statements-8065-.pdf,2026-03-26T02:49:20.068508
2026-01-03,Card Purchase 01/02 City of Detroit Munpl. Detroit MI Card 1606,card purchase 01/02 city of detroit munpl. detroit mi card 1606,-2.0,Taxes & Fees,pdf-bank,0.84,0,20250128-statements-8065-.pdf,2026-03-26T02:49:20.068508
2026-01-03,Recurring Card Purchase 01/02 Wodify* Wp Crossfit Dimmerj@Gmail MI,recurring card purchase 01/02 wodify* wp crossfit dimmerj gmail mi,-150.0,Subscriptions,pdf-bank,0.84,0,20250128-statements-8065-.pdf,2026-03-26T02:49:20.068508
2026-01-03,Card Purchase 01/02 Exu Hong Kong Card 1606,card purchase 01/02 exu hong kong card 1606,-6.99,Uncategorized,pdf-bank,0.84,0,20250128-statements-8065-.pdf,2026-03-26T02:49:20.068508
2026-01-03,Card Purchase 01/02 Starbucks Store 49998 Riverview MI Card 1606,card purchase 01/02 starbucks store 49998 riverview mi card 1606,-12.34,Meals,pdf-bank,0.99,0,20250128-statements-8065-.pdf,2026-03-26T02:49:20.068508
2026-01-03,Ford Motor CO. Payroll H PPD ID: 2380549190,ford motor co. payroll h ppd id 2380549190,959.45,Payroll,pdf-bank,0.99,0,20250128-statements-8065-.pdf,2026-03-26T02:49:20.068508
2026-01-02,Paypal Inst Xfer Doordashinc Web ID: Paypalsi77,paypal inst xfer doordashinc web id paypalsi77,-25.8,Meals,pdf-bank,0.99,0,20250128-statements-8065-.pdf,2026-03-26T02:49:20.068508
2026-01-02,Card Purchase 01/01 Friendly Mart Wyandotte MI Card 1606,card purchase 01/01 friendly mart wyandotte mi card 1606,-7.08,Groceries,pdf-bank,0.84,0,20250128-statements-8065-.pdf,2026-03-26T02:49:20.068508
2026-01-02,Card Purchase 01/01 Starbucks Store 49998 Riverview MI Card 1606,card purchase 01/01 starbucks store 49998 riverview mi card 1606,-12.34,Meals,pdf-bank,0.99,0,20250128-statements-8065-.pdf,2026-03-26T02:49:20.068508
2026-01-02,Recurring Card Purchase 01/01 Victory Gym Vhc Httpswww.Vict MI Card,recurring card purchase 01/01 victory gym vhc httpswww.vict mi card,-20.0,Subscriptions,pdf-bank,0.84,0,20250128-statements-8065-.pdf,2026-03-26T02:49:20.068508
2026-01-02,Card Purchase 12/31 Rams Horn of Southgate 734-2850750 MI Card,card purchase 12/31 rams horn of southgate 734-2850750 mi card,-39.27,Meals,pdf-bank,0.84,0,20250128-statements-8065-.pdf,2026-03-26T02:49:20.068508
2026-01-02,Real Time Transfer Recd From Aba/Contr Bnk-021000021 From:,real time transfer recd from aba/contr bnk-021000021 from,122.25,Transfer,pdf-bank,0.99,0,20250128-statements-8065-.pdf,2026-03-26T02:49:20.068508
